month_year,danceability,energy,key,loudness,mode,speechiness,acousticness,instrumentalness,liveness,valence,tempo
2016-09,0.0,0.0,0.0,0.0,0.25,0.0,0.8425179180049649,0.0,0.0,0.22231981176062376,0.0
2018-08,1.0,1.0,0.7142857142857142,1.0,0.5714285714285715,0.5847570061029126,0.0,1.0,0.9999999999999998,1.0000000000000002,0.5314995049881959
2019-05,0.45353841249601545,0.7495115279406019,0.625,0.9844169906974455,0.25,0.09687098156879553,0.8965664754477747,0.0,0.690212150433944,0.033321405723084396,0.8081791181174318
2019-06,0.6210817128891722,0.8726064869089492,0.7222222222222221,0.9355182851798987,0.6249999999999999,0.5340524836881458,0.35455909785825485,0.0,0.7051751848280299,0.0,0.7221282969055414
2019-07,0.6143874189777919,0.6653206547696582,1.0,0.9567734737740152,0.0,0.2881840262894699,0.9868437662173724,0.0,0.6626486660237865,0.9934940307732345,0.6916254156829895
2019-08,0.7226118372117737,0.5075767443879988,0.8888888888888888,0.8828181654115601,0.4999999999999999,0.9999999999999999,0.9999999999999998,0.0,0.26213436194149786,0.16918772974203833,0.614714289340746
2019-09,0.7927159706726171,0.8055881203595154,0.375,0.9644595658807895,0.9999999999999999,0.8296899557079581,0.23436119331809196,0.9851318496353096,0.2811475409836066,0.40828209882567257,1.0
